INSERT INTO Multiplex VALUES ('Titán',6);
INSERT INTO Multiplex VALUES ('Unicentro',5);
INSERT INTO Multiplex VALUES ('Plaza Central',7);
INSERT INTO Multiplex VALUES ('Gran Estación',8);
INSERT INTO Multiplex VALUES ('Embajador',10);
INSERT INTO Multiplex VALUES ('Américas',5);
INSERT INTO Usuario(cedula,nombre,celular,fechainiciocontrato,cargo,salario,multiplex) VALUES ('1000520869','Faider Trujillo','3012025465','2021-03-26','Director',3000000,'Titán');
INSERT INTO Usuario(cedula,nombre,celular,fechainiciocontrato,cargo,salario,multiplex) VALUES ('52863810','Jose Caicedo','3115625465','2020-07-14','Cajero',1000000,'Unicentro');
INSERT INTO Usuario(cedula,nombre,celular,fechainiciocontrato,cargo,salario,multiplex) VALUES ('76050242','Kevin Duarte','3115669935','2020-02-2','Cofiteria',1000000,'Plaza Central');
INSERT INTO Usuario(cedula,nombre,celular,fechainiciocontrato,cargo,salario,multiplex) VALUES ('76958542','Nicol Olaya','3125689935','2020-06-28','Encargado',900000,'Gran Estación');
INSERT INTO Usuario(cedula,nombre,celular,fechainiciocontrato,cargo,salario,multiplex) VALUES ('98765432','Fabian Camargo','3135689935','2020-07-18','Aseador',950000,'Embajador');
INSERT INTO Usuario(cedula,nombre,celular,fechainiciocontrato,cargo,salario,multiplex) VALUES ('98564432','Brady Coper','3105694335','2019-07-8','Director',3000000,'Américas');
INSERT INTO Cliente VALUES ('Andres Camargo',1234520869,0,5,5);
INSERT INTO Cliente VALUES ('Pedro Colon',52962850,0,5,5);
INSERT INTO Cliente VALUES ('Kevin Marquez Trujillo',9876543210,0,5,5);
INSERT INTO Salas VALUES ('Titán',1,'{0,0,0,0,0,0,0,0,0,0,0,0,0,0,0,0,0,0,0,0,0,0,0,0,0,0,0,0,0,0,0,0,0,0,0,0,0,0,0,0}','{0,0,0,0,0,0,0,0,0,0,0,0,0,0,0,0,0,0,0,0}');
INSERT INTO Salas VALUES ('Titán',2,'{0,0,0,0,0,0,0,0,0,0,0,0,0,0,0,0,0,0,0,0,0,0,0,0,0,0,0,0,0,0,0,0,0,0,0,0,0,0,0,0}','{0,0,0,0,0,0,0,0,0,0,0,0,0,0,0,0,0,0,0,0}');
INSERT INTO Salas VALUES ('Titán',3,'{0,0,0,0,0,0,0,0,0,0,0,0,0,0,0,0,0,0,0,0,0,0,0,0,0,0,0,0,0,0,0,0,0,0,0,0,0,0,0,0}','{0,0,0,0,0,0,0,0,0,0,0,0,0,0,0,0,0,0,0,0}');
INSERT INTO Salas VALUES ('Titán',4,'{0,0,0,0,0,0,0,0,0,0,0,0,0,0,0,0,0,0,0,0,0,0,0,0,0,0,0,0,0,0,0,0,0,0,0,0,0,0,0,0}','{0,0,0,0,0,0,0,0,0,0,0,0,0,0,0,0,0,0,0,0}');
INSERT INTO Salas VALUES ('Titán',5,'{0,0,0,0,0,0,0,0,0,0,0,0,0,0,0,0,0,0,0,0,0,0,0,0,0,0,0,0,0,0,0,0,0,0,0,0,0,0,0,0}','{0,0,0,0,0,0,0,0,0,0,0,0,0,0,0,0,0,0,0,0}');
INSERT INTO Salas VALUES ('Titán',6,'{0,0,0,0,0,0,0,0,0,0,0,0,0,0,0,0,0,0,0,0,0,0,0,0,0,0,0,0,0,0,0,0,0,0,0,0,0,0,0,0}','{0,0,0,0,0,0,0,0,0,0,0,0,0,0,0,0,0,0,0,0}');
INSERT INTO Salas VALUES ('Unicentro',1,'{0,0,0,0,0,0,0,0,0,0,0,0,0,0,0,0,0,0,0,0,0,0,0,0,0,0,0,0,0,0,0,0,0,0,0,0,0,0,0,0}','{0,0,0,0,0,0,0,0,0,0,0,0,0,0,0,0,0,0,0,0}');
INSERT INTO Salas VALUES ('Unicentro',2,'{0,0,0,0,0,0,0,0,0,0,0,0,0,0,0,0,0,0,0,0,0,0,0,0,0,0,0,0,0,0,0,0,0,0,0,0,0,0,0,0}','{0,0,0,0,0,0,0,0,0,0,0,0,0,0,0,0,0,0,0,0}');
INSERT INTO Salas VALUES ('Unicentro',3,'{0,0,0,0,0,0,0,0,0,0,0,0,0,0,0,0,0,0,0,0,0,0,0,0,0,0,0,0,0,0,0,0,0,0,0,0,0,0,0,0}','{0,0,0,0,0,0,0,0,0,0,0,0,0,0,0,0,0,0,0,0}');
INSERT INTO Salas VALUES ('Unicentro',4,'{0,0,0,0,0,0,0,0,0,0,0,0,0,0,0,0,0,0,0,0,0,0,0,0,0,0,0,0,0,0,0,0,0,0,0,0,0,0,0,0}','{0,0,0,0,0,0,0,0,0,0,0,0,0,0,0,0,0,0,0,0}');
INSERT INTO Salas VALUES ('Unicentro',5,'{0,0,0,0,0,0,0,0,0,0,0,0,0,0,0,0,0,0,0,0,0,0,0,0,0,0,0,0,0,0,0,0,0,0,0,0,0,0,0,0}','{0,0,0,0,0,0,0,0,0,0,0,0,0,0,0,0,0,0,0,0}');
INSERT INTO Salas VALUES ('Plaza Central',1,'{0,0,0,0,0,0,0,0,0,0,0,0,0,0,0,0,0,0,0,0,0,0,0,0,0,0,0,0,0,0,0,0,0,0,0,0,0,0,0,0}','{0,0,0,0,0,0,0,0,0,0,0,0,0,0,0,0,0,0,0,0}');
INSERT INTO Salas VALUES ('Plaza Central',2,'{0,0,0,0,0,0,0,0,0,0,0,0,0,0,0,0,0,0,0,0,0,0,0,0,0,0,0,0,0,0,0,0,0,0,0,0,0,0,0,0}','{0,0,0,0,0,0,0,0,0,0,0,0,0,0,0,0,0,0,0,0}');
INSERT INTO Salas VALUES ('Plaza Central',3,'{0,0,0,0,0,0,0,0,0,0,0,0,0,0,0,0,0,0,0,0,0,0,0,0,0,0,0,0,0,0,0,0,0,0,0,0,0,0,0,0}','{0,0,0,0,0,0,0,0,0,0,0,0,0,0,0,0,0,0,0,0}');
INSERT INTO Salas VALUES ('Plaza Central',4,'{0,0,0,0,0,0,0,0,0,0,0,0,0,0,0,0,0,0,0,0,0,0,0,0,0,0,0,0,0,0,0,0,0,0,0,0,0,0,0,0}','{0,0,0,0,0,0,0,0,0,0,0,0,0,0,0,0,0,0,0,0}');
INSERT INTO Salas VALUES ('Plaza Central',5,'{0,0,0,0,0,0,0,0,0,0,0,0,0,0,0,0,0,0,0,0,0,0,0,0,0,0,0,0,0,0,0,0,0,0,0,0,0,0,0,0}','{0,0,0,0,0,0,0,0,0,0,0,0,0,0,0,0,0,0,0,0}');
INSERT INTO Salas VALUES ('Plaza Central',6,'{0,0,0,0,0,0,0,0,0,0,0,0,0,0,0,0,0,0,0,0,0,0,0,0,0,0,0,0,0,0,0,0,0,0,0,0,0,0,0,0}','{0,0,0,0,0,0,0,0,0,0,0,0,0,0,0,0,0,0,0,0}');
INSERT INTO Salas VALUES ('Plaza Central',7,'{0,0,0,0,0,0,0,0,0,0,0,0,0,0,0,0,0,0,0,0,0,0,0,0,0,0,0,0,0,0,0,0,0,0,0,0,0,0,0,0}','{0,0,0,0,0,0,0,0,0,0,0,0,0,0,0,0,0,0,0,0}');
INSERT INTO Salas VALUES ('Gran Estación',1,'{0,0,0,0,0,0,0,0,0,0,0,0,0,0,0,0,0,0,0,0,0,0,0,0,0,0,0,0,0,0,0,0,0,0,0,0,0,0,0,0}','{0,0,0,0,0,0,0,0,0,0,0,0,0,0,0,0,0,0,0,0}');
INSERT INTO Salas VALUES ('Gran Estación',2,'{0,0,0,0,0,0,0,0,0,0,0,0,0,0,0,0,0,0,0,0,0,0,0,0,0,0,0,0,0,0,0,0,0,0,0,0,0,0,0,0}','{0,0,0,0,0,0,0,0,0,0,0,0,0,0,0,0,0,0,0,0}');
INSERT INTO Salas VALUES ('Gran Estación',3,'{0,0,0,0,0,0,0,0,0,0,0,0,0,0,0,0,0,0,0,0,0,0,0,0,0,0,0,0,0,0,0,0,0,0,0,0,0,0,0,0}','{0,0,0,0,0,0,0,0,0,0,0,0,0,0,0,0,0,0,0,0}');
INSERT INTO Salas VALUES ('Gran Estación',4,'{0,0,0,0,0,0,0,0,0,0,0,0,0,0,0,0,0,0,0,0,0,0,0,0,0,0,0,0,0,0,0,0,0,0,0,0,0,0,0,0}','{0,0,0,0,0,0,0,0,0,0,0,0,0,0,0,0,0,0,0,0}');
INSERT INTO Salas VALUES ('Gran Estación',5,'{0,0,0,0,0,0,0,0,0,0,0,0,0,0,0,0,0,0,0,0,0,0,0,0,0,0,0,0,0,0,0,0,0,0,0,0,0,0,0,0}','{0,0,0,0,0,0,0,0,0,0,0,0,0,0,0,0,0,0,0,0}');
INSERT INTO Salas VALUES ('Gran Estación',6,'{0,0,0,0,0,0,0,0,0,0,0,0,0,0,0,0,0,0,0,0,0,0,0,0,0,0,0,0,0,0,0,0,0,0,0,0,0,0,0,0}','{0,0,0,0,0,0,0,0,0,0,0,0,0,0,0,0,0,0,0,0}');
INSERT INTO Salas VALUES ('Gran Estación',7,'{0,0,0,0,0,0,0,0,0,0,0,0,0,0,0,0,0,0,0,0,0,0,0,0,0,0,0,0,0,0,0,0,0,0,0,0,0,0,0,0}','{0,0,0,0,0,0,0,0,0,0,0,0,0,0,0,0,0,0,0,0}');
INSERT INTO Salas VALUES ('Gran Estación',8,'{0,0,0,0,0,0,0,0,0,0,0,0,0,0,0,0,0,0,0,0,0,0,0,0,0,0,0,0,0,0,0,0,0,0,0,0,0,0,0,0}','{0,0,0,0,0,0,0,0,0,0,0,0,0,0,0,0,0,0,0,0}');
INSERT INTO Salas VALUES ('Embajador',1,'{0,0,0,0,0,0,0,0,0,0,0,0,0,0,0,0,0,0,0,0,0,0,0,0,0,0,0,0,0,0,0,0,0,0,0,0,0,0,0,0}','{0,0,0,0,0,0,0,0,0,0,0,0,0,0,0,0,0,0,0,0}');
INSERT INTO Salas VALUES ('Embajador',2,'{0,0,0,0,0,0,0,0,0,0,0,0,0,0,0,0,0,0,0,0,0,0,0,0,0,0,0,0,0,0,0,0,0,0,0,0,0,0,0,0}','{0,0,0,0,0,0,0,0,0,0,0,0,0,0,0,0,0,0,0,0}');
INSERT INTO Salas VALUES ('Embajador',3,'{0,0,0,0,0,0,0,0,0,0,0,0,0,0,0,0,0,0,0,0,0,0,0,0,0,0,0,0,0,0,0,0,0,0,0,0,0,0,0,0}','{0,0,0,0,0,0,0,0,0,0,0,0,0,0,0,0,0,0,0,0}');
INSERT INTO Salas VALUES ('Embajador',4,'{0,0,0,0,0,0,0,0,0,0,0,0,0,0,0,0,0,0,0,0,0,0,0,0,0,0,0,0,0,0,0,0,0,0,0,0,0,0,0,0}','{0,0,0,0,0,0,0,0,0,0,0,0,0,0,0,0,0,0,0,0}');
INSERT INTO Salas VALUES ('Embajador',5,'{0,0,0,0,0,0,0,0,0,0,0,0,0,0,0,0,0,0,0,0,0,0,0,0,0,0,0,0,0,0,0,0,0,0,0,0,0,0,0,0}','{0,0,0,0,0,0,0,0,0,0,0,0,0,0,0,0,0,0,0,0}');
INSERT INTO Salas VALUES ('Embajador',6,'{0,0,0,0,0,0,0,0,0,0,0,0,0,0,0,0,0,0,0,0,0,0,0,0,0,0,0,0,0,0,0,0,0,0,0,0,0,0,0,0}','{0,0,0,0,0,0,0,0,0,0,0,0,0,0,0,0,0,0,0,0}');
INSERT INTO Salas VALUES ('Embajador',7,'{0,0,0,0,0,0,0,0,0,0,0,0,0,0,0,0,0,0,0,0,0,0,0,0,0,0,0,0,0,0,0,0,0,0,0,0,0,0,0,0}','{0,0,0,0,0,0,0,0,0,0,0,0,0,0,0,0,0,0,0,0}');
INSERT INTO Salas VALUES ('Embajador',8,'{0,0,0,0,0,0,0,0,0,0,0,0,0,0,0,0,0,0,0,0,0,0,0,0,0,0,0,0,0,0,0,0,0,0,0,0,0,0,0,0}','{0,0,0,0,0,0,0,0,0,0,0,0,0,0,0,0,0,0,0,0}');
INSERT INTO Salas VALUES ('Embajador',9,'{0,0,0,0,0,0,0,0,0,0,0,0,0,0,0,0,0,0,0,0,0,0,0,0,0,0,0,0,0,0,0,0,0,0,0,0,0,0,0,0}','{0,0,0,0,0,0,0,0,0,0,0,0,0,0,0,0,0,0,0,0}');
INSERT INTO Salas VALUES ('Embajador',10,'{0,0,0,0,0,0,0,0,0,0,0,0,0,0,0,0,0,0,0,0,0,0,0,0,0,0,0,0,0,0,0,0,0,0,0,0,0,0,0,0}','{0,0,0,0,0,0,0,0,0,0,0,0,0,0,0,0,0,0,0,0}');
INSERT INTO Salas VALUES ('Américas',1,'{0,0,0,0,0,0,0,0,0,0,0,0,0,0,0,0,0,0,0,0,0,0,0,0,0,0,0,0,0,0,0,0,0,0,0,0,0,0,0,0}','{0,0,0,0,0,0,0,0,0,0,0,0,0,0,0,0,0,0,0,0}');
INSERT INTO Salas VALUES ('Américas',2,'{0,0,0,0,0,0,0,0,0,0,0,0,0,0,0,0,0,0,0,0,0,0,0,0,0,0,0,0,0,0,0,0,0,0,0,0,0,0,0,0}','{0,0,0,0,0,0,0,0,0,0,0,0,0,0,0,0,0,0,0,0}');
INSERT INTO Salas VALUES ('Américas',3,'{0,0,0,0,0,0,0,0,0,0,0,0,0,0,0,0,0,0,0,0,0,0,0,0,0,0,0,0,0,0,0,0,0,0,0,0,0,0,0,0}','{0,0,0,0,0,0,0,0,0,0,0,0,0,0,0,0,0,0,0,0}');
INSERT INTO Salas VALUES ('Américas',4,'{0,0,0,0,0,0,0,0,0,0,0,0,0,0,0,0,0,0,0,0,0,0,0,0,0,0,0,0,0,0,0,0,0,0,0,0,0,0,0,0}','{0,0,0,0,0,0,0,0,0,0,0,0,0,0,0,0,0,0,0,0}');
INSERT INTO Salas VALUES ('Américas',5,'{0,0,0,0,0,0,0,0,0,0,0,0,0,0,0,0,0,0,0,0,0,0,0,0,0,0,0,0,0,0,0,0,0,0,0,0,0,0,0,0}','{0,0,0,0,0,0,0,0,0,0,0,0,0,0,0,0,0,0,0,0}');